,Dens1SimMAPE,Dens2SimMAPE,RCE1MAPE,RCE2MAPE,SigC800,SigBr730,EpsC800,EpsBr730,Dens1PredMAPE,Dens1Pred,Dens2PredMAPE,Dens2Pred,Dens1Sim,Dens1SimErr,Dens2Sim,Dens2SimErr,RCE1,RCE2,RCE3,RCE4,RCE5,RCE6,RCE7,RCE8,RCE9,RCE21,RCE22,RCE23,#
9,1.0863771751058082,None,173.97408407020507,None,0.3144200507918913,0.1596612898995752,0.7561371346655261,2.567022474988165,1.0904195223095277,1261.888427734375,None,None,1261.94,1.5,1274.23,1.8,0.1419694072657729,0.0241395793499041,-0.1307361376673101,0.0,1.1904875717017196,1.2108030592734162,1.0004780114722702,0.1921606118546782,-0.1269120458891027,None,None,None,maxR2-9
7,1.1804358049851031,None,169.31031170644036,None,0.294335126056868,0.1211511382644269,0.7509323983414198,2.524691002006334,0.2319330528386944,1272.840998111884,None,None,1260.74,1.1,1272.73,0.52,0.2655353728489459,0.0222275334608005,-0.0724187380497125,0.0,1.1723231357552584,1.1725621414913971,1.0121892925430174,0.2100860420650073,-0.0678776290630955,None,None,None,maxR2-7
14,1.3387678319485756,None,166.78442444440725,None,0.2937207089893282,0.1214097147168121,0.7433045495383213,2.510683111907154,0.1439149622252678,1273.96393291193,None,None,1258.72,0.68,1272.95,0.55,0.2602772466539194,-0.0133843212237121,-0.0934512428298258,0.0,1.1398183556405366,1.1579827915869978,0.9885277246653909,0.2390057361376673,-0.0901051625239028,None,None,None,maxR2-14
18,1.3419031196112157,None,172.49950656552608,None,0.2923655263367365,0.1241836346130962,0.7474716659510109,2.5201976575562024,0.3397295195536298,1271.4657307895347,None,None,1258.68,2.2,1271.76,1.3,0.2464149139579363,0.0437380497131913,-0.0480401529636695,0.0,1.2026768642447443,1.203154875717022,1.041586998087955,0.2619502868068842,-0.0480401529636695,None,None,None,maxR2-18
19,1.3952030098761525,None,168.08755468438883,None,0.2831718248581479,0.1193437253800231,0.7528209533402819,2.513935266101646,0.2832854133854645,1272.1858446960282,None,None,1258.0,0.68,1270.84,0.71,0.2770076481835612,0.01051625239006,-0.0475621414913919,0.0,1.1692160611854745,1.1684990439770575,1.012906309751434,0.2980401529636745,-0.0509082217973216,None,None,None,maxR2-19
15,1.420285311177292,None,168.930115150747,None,0.2952771966002967,0.1269527237813005,0.7609010263897285,2.519557903477256,0.2103030508860186,1273.116953676796,None,None,1257.68,0.5,1271.29,0.97,0.2304015296367109,-0.01051625239006,-0.1001434034416852,0.0,1.167304015296364,1.165152963671128,0.9949808795411048,0.2492829827915885,-0.0903441682600416,None,None,None,maxR2-15
2,1.4680984480326085,None,165.22834256220045,None,0.2656542343335404,0.0892193063272798,0.8456325957945263,2.5382408480290777,103.60728446333847,2597.621735183272,None,None,1257.07,1.1,1272.72,1.9,0.3035372848948399,0.0138623326959829,-0.0231835564053557,0.0,1.1534416826003808,1.143881453154876,1.021749521988529,0.311185468451241,-0.0107552581261988,None,None,None,maxR2-2
25,1.627998118827401,None,168.51690823843705,None,0.2602436413348098,0.0857099874119002,0.7274271314089726,2.5157904566301057,58470.523094520366,-744691.1336398907,None,None,1255.03,1.3,1269.27,1.9,0.286806883365198,0.0650095602294434,0.0217495219885228,0.0,1.1694550669216062,1.1859464627151024,1.0795889101338425,0.3386711281070749,0.021271510516252,None,None,None,minMAPE-5
8,1.6319172284057013,None,166.20008266826855,None,0.2212926597350235,0.089574075262981,0.7060912763932031,2.5338488789855225,105.92548561763482,2627.197345509785,None,None,1254.98,2.0,1265.66,1.5,0.3389101338432137,-0.0033460803059297,-0.0296367112810696,0.0,1.1584608030592751,1.1505736137667286,1.029636711281069,0.3140535372848931,-0.0289196940726599,None,None,None,maxR2-8
30,1.64367455714062,None,168.51690823843705,None,0.2602436413348217,0.0857099874119013,0.7274271314089719,2.5157904566301057,14076.616124113136,-178313.6685114354,None,None,1254.83,0.35,1269.6,1.3,0.286806883365198,0.0650095602294434,0.0217495219885228,0.0,1.1694550669216062,1.1859464627151024,1.0795889101338425,0.3386711281070749,0.021271510516252,None,None,None,minMAPE-10
32,1.6640539269477987,None,168.51690823843705,None,0.2602436413348098,0.0857099874119002,0.7274271314089726,2.5157904566301057,23194.890103734087,297196.2079434395,None,None,1254.57,1.2,1268.1,0.9,0.286806883365198,0.0650095602294434,0.0217495219885228,0.0,1.1694550669216062,1.1859464627151024,1.0795889101338425,0.3386711281070749,0.021271510516252,None,None,None,minMAPE-12
38,1.6961906254898789,None,167.57640873679205,None,0.2372771453303443,0.0765117211344864,0.6478611656099007,2.443645291201181,8794.725547627782,-110927.30853663525,None,None,1254.16,1.9,1268.46,0.79,0.3044933078393883,0.0401529636711296,0.001434034416826,0.0,1.1684990439770575,1.1677820267686414,1.0607074569789647,0.3267208413001888,0.0028680688336521,None,None,None,minMAPE-18
22,1.6961906254898789,None,167.06853741066902,None,0.2276200076714162,0.0796226542389341,0.71953038313556,2.501084649342992,19203.887000618128,246278.99035388604,None,None,1254.16,0.7,1267.76,0.86,0.3346080305927356,0.0341778202676865,0.0007170172084164,0.0,1.1747131931166328,1.1567877629063106,1.0518642447418762,0.3173996175908228,0.0023900573613812,None,None,None,minMAPE-2
31,1.7008935569838568,None,168.51690823843705,None,0.2602436413348098,0.0857099874119002,0.7274271314089726,2.5157904566301057,22779.058852017708,291891.03283404186,None,None,1254.1,1.2,1271.45,1.2,0.286806883365198,0.0650095602294434,0.0217495219885228,0.0,1.1694550669216062,1.1859464627151024,1.0795889101338425,0.3386711281070749,0.021271510516252,None,None,None,minMAPE-11
36,1.702461200815177,None,161.86515334669437,None,0.218626519373339,0.2984572348076492,0.6001477679531374,2.499712818822634,0.5400917874154197,1268.909508976154,None,None,1254.08,1.7,1268.63,1.3,-0.7146271510516273,0.0011950286806872,-0.1304971319311645,0.0,1.0394359464627123,1.0260516252390073,0.9032026768642438,-0.710564053537288,-0.1321701720841293,None,None,None,minMAPE-16
23,1.7087317761404572,None,168.51690823843705,None,0.2602436413348098,0.0857099874119002,0.7274271314089726,2.5157904566301057,26420.096038168624,-335791.7852549553,None,None,1254.0,0.78,1266.88,0.99,0.286806883365198,0.0650095602294434,0.0217495219885228,0.0,1.1694550669216062,1.1859464627151024,1.0795889101338425,0.3386711281070749,0.021271510516252,None,None,None,minMAPE-3
12,1.7220567487066958,None,166.40930435656173,None,0.2551516641910329,0.0604697249315434,0.6860362326425126,2.5085299608939216,224.60240479860025,-1589.6774804205415,None,None,1253.83,0.57,1269.47,0.3,0.297323135755258,0.034894837476103,0.0136233269598509,0.0,1.1491395793499095,1.164913957934996,1.0685946462715112,0.330783938814535,0.0081261950286855,None,None,None,maxR2-12
20,1.7267596802006564,None,168.51690823843705,None,0.2602436413348098,0.0857099874119002,0.7274271314089726,2.5157904566301057,11873.88578643758,-150211.23486337066,None,None,1253.77,0.8,1267.47,0.93,0.286806883365198,0.0650095602294434,0.0217495219885228,0.0,1.1694550669216062,1.1859464627151024,1.0795889101338425,0.3386711281070749,0.021271510516252,None,None,None,minMAPE-0
13,1.7275435021163164,None,166.49782902727344,None,0.2225581034500916,0.0949258479156313,0.7983580247459988,2.538210510738011,92.2917636292676,2453.258320382196,None,None,1253.76,1.3,1269.17,1.1,0.3111854684512478,0.0289196940726599,-0.0117112810707404,0.0,1.1541586998087972,1.165391969407267,1.0305927342256245,0.3267208413001956,-0.0267686424474174,None,None,None,maxR2-13
33,1.7322464336102765,None,168.51690823843705,None,0.2602436413348098,0.0857099874119002,0.7274271314089726,2.5157904566301057,15559.121831483368,199779.0763260648,None,None,1253.7,0.86,1267.25,0.9,0.286806883365198,0.0650095602294434,0.0217495219885228,0.0,1.1694550669216062,1.1859464627151024,1.0795889101338425,0.3386711281070749,0.021271510516252,None,None,None,minMAPE-13
27,1.734597899357257,None,168.51690823843705,None,0.2602436413348098,0.0857099874119002,0.7274271314089726,2.5157904566301057,24831.888400850054,-315529.432218045,None,None,1253.67,1.0,1269.86,1.8,0.286806883365198,0.0650095602294434,0.0217495219885228,0.0,1.1694550669216062,1.1859464627151024,1.0795889101338425,0.3386711281070749,0.021271510516252,None,None,None,minMAPE-7
0,1.759680200658414,None,167.54051305865818,None,0.26009193603003,0.096593712936065,0.720299690338746,2.5021199040314057,85.07693746881687,2361.2115682271656,None,None,1253.35,1.4,1267.78,1.1,0.2992351816443617,0.0470841300191211,-0.0231835564053557,0.0,1.1716061185468418,1.1644359464627116,1.035611854684512,0.2989961759082229,-0.01051625239006,None,None,None,maxR2-0
10,1.775356638971615,None,165.25433439933522,None,0.2383599820367696,0.0860785429964999,0.7268051201048957,2.517915993086965,112.47390962683738,2710.742139019191,None,None,1253.15,0.41,1269.47,1.4,0.3159655831739968,0.0222275334608072,-0.0174474187380515,0.0,1.138862332695988,1.1565487571701718,1.0339388145315471,0.3152485659655872,-0.0131453154875733,None,None,None,maxR2-10
29,1.7761404608872753,None,167.10235887965365,None,0.2030186157796596,0.0782714337182458,0.7186796153810843,2.478654964159641,24771.86971216942,-314763.71378785744,None,None,1253.14,0.43,1265.77,0.57,0.321701720841301,0.0141013384321217,-0.0031070745697909,0.0,1.1663479923518154,1.1601338432122403,1.052581261950286,0.3193116634799265,-0.0078871892925399,None,None,None,minMAPE-9
21,1.8161153785859732,None,168.97922222664835,None,0.203512000858345,0.0619267220149788,0.691534963399125,2.510318209289041,18507.698090341768,237397.01223658025,None,None,1252.63,2.2,1266.19,0.58,0.3214627151051622,0.0530592734225641,0.030353728489486,0.0,1.18977055449331,1.1794933078393883,1.0879541108986597,0.3683078393881445,0.0332217973231381,None,None,None,minMAPE-1
26,1.8247374196582515,None,168.51690823843705,None,0.2602436413348098,0.0857099874119002,0.7274271314089726,2.5157904566301057,56663.56646641131,724189.5809784755,None,None,1252.52,1.3,1269.78,1.9,0.286806883365198,0.0650095602294434,0.0217495219885228,0.0,1.1694550669216062,1.1859464627151024,1.0795889101338425,0.3386711281070749,0.021271510516252,None,None,None,minMAPE-6
39,1.8310079949835318,None,167.06853741066902,None,0.2276200076714044,0.079622654238933,0.7195303831355607,2.501084649342992,2002.8750968796849,-24276.880485991016,None,None,1252.44,1.5,1267.65,0.31,0.3346080305927356,0.0341778202676865,0.0007170172084164,0.0,1.1747131931166328,1.1567877629063106,1.0518642447418762,0.3173996175908228,0.0023900573613812,None,None,None,minMAPE-19
37,1.83806239222449,None,168.51690823843705,None,0.2602436413348098,0.0857099874119002,0.7274271314089726,2.5157904566301057,1989.43706591343,26657.038086923538,None,None,1252.35,1.4,1270.3,0.69,0.286806883365198,0.0650095602294434,0.0217495219885228,0.0,1.1694550669216062,1.1859464627151024,1.0795889101338425,0.3386711281070749,0.021271510516252,None,None,None,minMAPE-17
11,1.8553064743690113,None,165.19066108276235,None,0.2375780899295784,0.0852748584083159,0.7256140171151808,2.51747139135637,103.75220059636544,2599.47057520843,None,None,1252.13,1.6,1267.51,1.5,0.3491873804971349,0.0241395793499041,-0.0155353728489478,0.0,1.1479445506692154,1.1522466539196936,1.0305927342256245,0.3338910133843191,-0.0145793499043993,None,None,None,maxR2-11
35,1.8553064743690113,None,168.00640064190318,None,0.2051643123181159,0.0602163690409153,0.6675221129422483,2.563219723936048,16900.93093736214,216897.87689886612,None,None,1252.13,1.5,1266.66,0.66,0.3123804971319283,0.0227055449330781,0.010755258126192,0.0,1.1689770554493286,1.1737571701720844,1.069311663479921,0.3379541108986585,0.0019120458891036,None,None,None,minMAPE-15
16,1.8560902962846892,None,161.56721006055974,None,0.235145520488975,0.1165559002272129,0.8600217678096923,2.6522798776869734,49.51908238948112,1907.564453125,None,None,1252.12,1.1,1266.06,1.5,0.3171606118546841,0.016730401529635,-0.0836520076481821,0.0,1.1111376673040154,1.1166347992351808,0.9588910133843211,0.2863288718929272,-0.0788718929254332,None,None,None,maxR2-16
28,1.8600094058629895,None,164.52340747732325,None,0.2473335702423207,0.0899799529915565,0.7313897169294158,2.519524294547751,26146.03829129837,-332295.3565203845,None,None,1252.07,1.5,1267.28,1.5,0.2946940726577448,0.0050191204588946,-0.0272466539196883,0.0,1.1410133843212238,1.1379063097514397,1.015774378585086,0.2772466539197,-0.0234225621414877,None,None,None,minMAPE-8
34,1.86863144693525,None,168.51690823843705,None,0.2602436413348098,0.0857099874119002,0.7274271314089726,2.5157904566301057,7330.25698544445,94795.2186203003,None,None,1251.96,1.1,1270.12,0.79,0.286806883365198,0.0650095602294434,0.0217495219885228,0.0,1.1694550669216062,1.1859464627151024,1.0795889101338425,0.3386711281070749,0.021271510516252,None,None,None,minMAPE-14
6,1.87255055651355,None,165.25557094029813,None,0.2139955074446447,0.1127405888311576,0.6823444642296311,2.4975830076899124,61.55105527244064,2061.0683631657976,None,None,1251.91,1.3,1266.41,1.5,0.3037762906309787,0.0293977055449375,-0.0623804971319301,0.0,1.1551147227533456,1.13456022944551,1.0011950286806863,0.2939770554493351,-0.051625239005738,None,None,None,maxR2-6
5,1.8772534880075284,None,166.5752799485901,None,0.2345961776022646,0.0727468387250248,0.7043587714175291,2.5017285034168077,156.06466424318566,3266.8729864145625,None,None,1251.85,0.79,1265.56,1.3,0.3479923518164409,0.0408699808795392,-0.0040630975143393,0.0,1.165152963671128,1.1608508604206498,1.049235181644356,0.3319789674952155,0.006214149139575,None,None,None,maxR2-5
4,1.8819564195014886,None,168.52737207316193,None,0.2059395554825044,0.0891475113916295,0.7233946060719763,2.5209833025798054,117.81878199501864,2778.932020692448,None,None,1251.79,0.42,1267.2,1.9,0.3386711281070749,0.0432600382409205,-0.0176864244741903,0.0,1.1716061185468418,1.1830783938814504,1.049235181644356,0.3319789674952222,-0.0155353728489478,None,None,None,maxR2-4
3,1.9180122276218865,None,166.66319415439386,None,0.2295543373979865,0.0623135839286491,0.6859430918301296,2.516452052336541,204.51088101958152,-1333.349820047821,None,None,1251.33,1.5,1268.68,0.82,0.3025812619502847,0.0083652007648175,0.0114722753346084,0.0,1.1512906309751452,1.1634799235181632,1.066443594646269,0.3087954110898665,0.0028680688336521,None,None,None,maxR2-3
17,1.9180122276218865,None,169.79469665542712,None,0.2055762900227638,0.0617146398017438,0.6736368919422882,2.5040259814271093,225.35428225513897,-1599.269933011063,None,None,1251.33,1.8,1266.83,1.5,0.3305449330783962,0.0454110898661562,0.0181644359464611,0.0,1.195745697896746,1.1809273422562148,1.0855640535372852,0.3231357552581271,0.019837476099426,None,None,None,maxR2-17
1,1.9744474055494634,None,170.44920806135676,None,0.2244534533792325,0.0709481079903362,0.6853062831462948,2.526107980717329,175.52897071022778,3515.198608321086,None,None,1250.61,0.96,1264.94,1.2,0.3472753346080313,0.0420650095602333,0.0274856596558339,0.0,1.1993307839388143,1.19694072657744,1.0905831739961798,0.3728489483747615,0.0305927342256248,None,None,None,maxR2-1
24,1.9885562000313444,None,168.0101033849872,None,0.2242645876863424,0.0797340558413007,0.7206978117413813,2.504521318214089,53095.39549954594,-676115.255783207,None,None,1250.43,1.4,1269.13,0.71,0.3274378585086053,0.0380019120458871,0.0064531548757206,0.0,1.1656309751434055,1.179015296367111,1.0717017208413022,0.3489483747609961,0.0038240917782005,None,None,None,minMAPE-4
